{
  "project_info": {
    "project_number": "607113328601",
    "project_id": "pushnotificationimplement",
    "storage_bucket": "pushnotificationimplement.appspot.com"
  },
  "client": [
    {
      "client_info": {
        "mobilesdk_app_id": "1:607113328601:android:1b1f7f7e093c4ebd75cbc8",
        "android_client_info": {
          "package_name": "com.example.untitled"
        }
      },
      "oauth_client": [],
      "api_key": [
        {
          "current_key": "AIzaSyDGb-ghuquHKq2KjkVD6UyTvMerG8JdLvQ"
        }
      ],
      "services": {
        "appinvite_service": {
          "other_platform_oauth_client": []
        }
      }
    }
  ],
  "configuration_version": "1"
}