{"flutter":{"platforms":{"android":{"default":{"projectId":"pushnotificationimplement","appId":"1:607113328601:android:1b1f7f7e093c4ebd75cbc8","fileOutput":"android/app/google-services.json"}},"ios":{"default":{"projectId":"pushnotificationimplement","appId":"1:607113328601:ios:fc821b0c93e65c1475cbc8","uploadDebugSymbols":false,"fileOutput":"ios/Runner/GoogleService-Info.plist"}},"macos":{"default":{"projectId":"pushnotificationimplement","appId":"1:607113328601:ios:fc821b0c93e65c1475cbc8","uploadDebugSymbols":false,"fileOutput":"macos/Runner/GoogleService-Info.plist"}},"dart":{"lib/firebase_options.dart":{"projectId":"pushnotificationimplement","configurations":{"android":"1:607113328601:android:1b1f7f7e093c4ebd75cbc8","ios":"1:607113328601:ios:fc821b0c93e65c1475cbc8","macos":"1:607113328601:ios:fc821b0c93e65c1475cbc8","web":"1:607113328601:web:1acc6114e022e8e975cbc8","windows":"1:607113328601:web:938d011beaae408775cbc8"}}}}}}